0,0,1,1
0,1,2,2
1,0,2,2
0,2,3,3
2,2,3,4
2,0,4,4
0,3,5,5
3,3,6,6
4,4,7,7
4,0,8,8
6,6,9,9
6,10,11,11
6,12,13,13
6,14,15,15
6,7,16,16
6,17,18,18
6,19,20,20
6,21,22,22
6,8,23,23
6,24,25,25
6,5,26,26
6,27,28,28
6,29,30,30
6,31,32,32
6,33,34,34
6,35,36,36
6,0,9,9
0,6,9,9
10,6,37,37
10,10,38,38
10,12,39,39
10,14,40,40
10,7,41,41
10,17,42,42
10,19,43,43
10,21,44,44
10,8,45,45
10,24,46,46
10,5,47,47
10,27,48,48
10,29,49,49
10,31,50,50
10,33,51,51
10,35,52,52
10,0,37,37
0,10,11,11
12,6,53,53
12,10,54,54
12,12,55,55
12,14,56,56
12,7,57,57
12,17,58,58
12,19,59,59
12,21,60,60
12,8,61,61
12,24,62,62
12,5,63,63
12,27,64,64
12,29,65,65
12,31,66,66
12,33,67,67
12,35,68,68
12,0,53,53
0,12,13,13
14,6,69,69
14,10,70,70
14,12,71,71
14,14,72,72
14,7,73,73
14,17,74,74
14,19,75,75
14,21,76,76
14,8,77,77
14,24,78,78
14,5,79,79
14,27,80,80
14,29,81,81
14,31,82,82
14,33,83,83
14,35,84,84
14,0,69,69
0,14,15,15
7,6,85,85
7,10,86,86
7,12,87,87
7,14,88,88
7,7,89,89
7,17,90,90
7,19,91,91
7,21,92,92
7,8,93,93
7,24,94,94
7,5,95,95
7,27,96,96
7,29,97,97
7,31,98,98
7,33,99,99
7,35,100,100
7,0,85,85
0,7,16,16
17,6,101,101
17,10,102,102
17,12,103,103
17,14,104,104
17,7,105,105
17,17,106,106
17,19,107,107
17,21,108,108
17,8,109,109
17,24,110,110
17,5,111,111
17,27,112,112
17,29,113,113
17,31,114,114
17,33,115,115
17,35,116,116
17,0,101,101
0,17,18,18
19,6,117,117
19,10,118,118
19,12,119,119
19,14,120,120
19,7,121,121
19,17,122,122
19,19,123,123
19,21,124,124
19,8,125,125
19,24,126,126
19,5,127,127
19,27,128,128
19,29,129,129
19,31,130,130
19,33,131,131
19,35,132,132
19,0,117,117
0,19,20,20
21,6,133,133
21,10,134,134
21,12,135,135
21,14,136,136
21,7,137,137
21,17,138,138
21,19,139,139
21,21,140,140
21,8,141,141
21,24,142,142
21,5,143,143
21,27,144,144
21,29,145,145
21,31,146,146
21,33,147,147
21,35,148,148
21,0,133,133
0,21,22,22
8,6,149,149
8,10,150,150
8,12,151,151
8,14,152,152
8,7,153,153
8,17,154,154
8,19,155,155
8,21,156,156
8,8,157,157
8,24,158,158
8,5,159,159
8,27,160,160
8,29,161,161
8,31,162,162
8,33,163,163
8,35,164,164
8,0,149,149
0,8,23,23
24,6,165,165
24,10,166,166
24,12,167,167
24,14,168,168
24,7,169,169
24,17,170,170
24,19,171,171
24,21,172,172
24,8,173,173
24,24,174,174
24,5,175,175
24,27,176,176
24,29,177,177
24,31,178,178
24,33,179,179
24,35,180,180
24,0,165,165
0,24,25,25
5,6,181,181
5,10,182,182
5,12,183,183
5,14,184,184
5,7,185,185
5,17,186,186
5,19,187,187
5,21,188,188
5,8,189,189
5,24,190,190
5,5,191,191
5,27,192,192
5,29,193,193
5,31,194,194
5,33,195,195
5,35,196,196
5,0,181,181
0,5,26,26
27,6,197,197
27,10,198,198
27,12,199,199
27,14,200,200
27,7,201,201
27,17,202,202
27,19,203,203
27,21,204,204
27,8,205,205
27,24,206,206
27,5,207,207
27,27,208,208
27,29,209,209
27,31,210,210
27,33,211,211
27,35,212,212
27,0,197,197
0,27,28,28
29,6,213,213
29,10,214,214
29,12,215,215
29,14,216,216
29,7,217,217
29,17,218,218
29,19,219,219
29,21,220,220
29,8,221,221
29,24,222,222
29,5,223,223
29,27,224,224
29,29,225,225
29,31,226,226
29,33,227,227
29,35,228,228
29,0,213,213
0,29,30,30
31,6,229,229
31,10,230,230
31,12,231,231
31,14,232,232
31,7,233,233
31,17,234,234
31,19,235,235
31,21,236,236
31,8,237,237
31,24,238,238
31,5,239,239
31,27,240,240
31,29,241,241
31,31,242,242
31,33,243,243
31,35,244,244
31,0,229,229
0,31,32,32
33,6,245,245
33,10,246,246
33,12,247,247
33,14,248,248
33,7,249,249
33,17,250,250
33,19,251,251
33,21,252,252
33,8,253,253
33,24,254,254
33,5,255,255
33,27,256,256
33,29,257,257
33,31,258,258
33,33,259,259
33,35,260,260
33,0,245,245
0,33,34,34
35,6,261,261
35,10,262,262
35,12,263,263
35,14,264,264
35,7,265,265
35,17,266,266
35,19,267,267
35,21,268,268
35,8,269,269
35,24,270,270
35,5,271,271
35,27,272,272
35,29,273,273
35,31,274,274
35,33,275,275
35,35,276,276
35,0,261,261
0,35,36,36
9,9,6,6
0,9,6,6
9,0,6,6
9,11,6,6
0,11,6,6
9,13,6,6
0,13,6,6
9,15,6,6
0,15,6,6
9,16,6,6
0,16,6,6
9,18,6,6
0,18,6,6
9,20,6,6
0,20,6,6
9,22,6,6
0,22,6,6
9,23,6,6
0,23,6,6
9,25,24,24
0,25,24,24
9,26,24,24
0,26,24,24
9,28,6,6
0,28,6,6
9,30,6,6
0,30,6,6
9,32,6,6
0,32,6,6
9,34,24,24
0,34,24,24
9,36,35,35
0,36,35,35
11,37,10,10
11,38,10,10
11,39,10,10
11,40,10,10
11,41,10,10
11,42,10,10
11,43,10,10
11,44,10,10
11,45,10,10
11,46,10,10
11,47,10,10
11,48,10,10
11,49,10,10
11,50,10,10
11,51,10,10
11,52,10,10
13,53,12,12
13,54,12,12
13,55,12,12
13,56,12,12
13,57,12,12
13,58,12,12
13,59,12,12
13,60,12,12
13,61,12,12
13,62,12,12
13,63,12,12
13,64,12,12
13,65,12,12
13,66,12,12
13,67,12,12
13,68,12,12
15,69,14,14
15,70,14,14
15,71,14,14
15,72,14,14
15,73,14,14
15,74,14,14
15,75,14,14
15,76,14,14
15,77,14,14
15,78,14,14
15,79,14,14
15,80,14,14
15,81,14,14
15,82,14,14
15,83,14,14
15,84,14,14
16,85,17,17
16,86,17,17
16,87,17,17
16,88,17,17
16,89,17,17
16,90,17,17
16,91,17,17
16,92,17,17
16,93,7,7
16,94,17,17
16,95,17,17
16,96,17,17
16,97,17,17
16,98,17,17
16,99,17,17
16,100,17,17
18,101,14,14
18,102,14,14
18,103,14,14
18,104,14,14
18,105,14,14
18,106,14,14
18,107,14,14
18,108,14,14
18,109,14,14
18,110,14,14
18,111,14,14
18,112,14,14
18,113,14,14
18,114,14,14
18,115,14,14
18,116,14,14
20,117,19,19
20,118,19,19
20,119,19,19
20,120,19,19
20,121,19,19
20,122,19,19
20,123,19,19
20,124,19,19
20,125,19,19
20,126,5,5
20,127,24,24
20,128,19,19
20,129,19,19
20,130,19,19
20,131,5,5
20,132,5,5
22,133,6,6
22,134,6,6
22,135,6,6
22,136,6,6
22,137,6,6
22,138,6,6
22,139,6,6
22,140,6,6
22,141,6,6
22,142,24,24
22,143,24,24
22,144,6,6
22,145,6,6
22,146,6,6
22,147,24,24
22,148,35,35
23,149,8,8
23,150,8,8
23,151,8,8
23,152,8,8
23,153,8,8
23,154,8,8
23,155,8,8
23,156,8,8
23,157,8,8
23,158,8,8
23,159,8,8
23,160,8,8
23,161,8,8
23,162,8,8
23,163,8,8
23,164,8,8
25,165,6,6
25,166,6,6
25,167,6,6
25,168,6,6
25,169,6,6
25,170,6,6
25,171,6,6
25,172,6,6
25,173,6,6
25,174,24,24
25,175,24,24
25,176,6,6
25,177,6,6
25,178,6,6
25,179,24,24
25,180,35,35
26,181,19,19
26,182,19,19
26,183,19,19
26,184,19,19
26,185,19,19
26,186,19,19
26,187,19,19
26,188,19,19
26,189,19,19
26,190,5,5
26,191,24,24
26,192,19,19
26,193,19,19
26,194,19,19
26,195,5,5
26,196,5,5
28,197,5,5
28,198,5,5
28,199,5,5
28,200,5,5
28,201,5,5
28,202,5,5
28,203,5,5
28,204,5,5
28,205,5,5
28,206,5,5
28,207,5,5
28,208,5,5
28,209,5,5
28,210,5,5
28,211,5,5
28,212,5,5
30,213,27,27
30,214,27,27
30,215,27,27
30,216,27,27
30,217,27,27
30,218,27,27
30,219,27,27
30,220,27,27
30,221,27,27
30,222,27,27
30,223,27,27
30,224,27,27
30,225,27,27
30,226,27,27
30,227,27,27
30,228,27,27
32,229,6,6
32,230,6,6
32,231,6,6
32,232,6,6
32,233,6,6
32,234,6,6
32,235,6,6
32,236,6,6
32,237,6,6
32,238,24,24
32,239,24,24
32,240,6,6
32,241,6,6
32,242,6,6
32,243,24,24
32,244,35,35
34,245,6,6
34,246,6,6
34,247,6,6
34,248,6,6
34,249,6,6
34,250,6,6
34,251,6,6
34,252,6,6
34,253,6,6
34,254,24,24
34,255,24,24
34,256,6,6
34,257,6,6
34,258,6,6
34,259,24,24
34,260,35,35
36,261,6,6
36,262,6,6
36,263,6,6
36,264,6,6
36,265,6,6
36,266,6,6
36,267,6,6
36,268,6,6
36,269,6,6
36,270,24,24
36,271,24,24
36,272,6,6
36,273,6,6
36,274,6,6
36,275,24,24
36,276,35,35
37,9,8,8
37,0,8,8
37,11,8,8
37,13,8,8
37,15,8,8
37,16,8,8
37,18,8,8
37,20,8,8
37,22,8,8
37,23,8,8
37,25,8,8
37,26,8,8
37,28,8,8
37,30,8,8
37,32,8,8
37,34,8,8
37,36,8,8
38,37,10,10
38,38,10,10
38,39,10,10
38,40,10,10
38,41,10,10
38,42,10,10
38,43,10,10
38,44,10,10
38,45,10,10
38,46,10,10
38,47,10,10
38,48,10,10
38,49,10,10
38,50,10,10
38,51,10,10
38,52,10,10
39,53,8,8
39,54,8,8
39,55,8,8
39,56,8,8
39,57,8,8
39,58,8,8
39,59,8,8
39,60,8,8
39,61,8,8
39,62,8,8
39,63,8,8
39,64,8,8
39,65,8,8
39,66,8,8
39,67,8,8
39,68,8,8
40,69,8,8
40,70,8,8
40,71,8,8
40,72,8,8
40,73,8,8
40,74,8,8
40,75,8,8
40,76,8,8
40,77,8,8
40,78,8,8
40,79,8,8
40,80,8,8
40,81,8,8
40,82,8,8
40,83,8,8
40,84,8,8
41,85,8,8
41,86,8,8
41,87,8,8
41,88,8,8
41,89,8,8
41,90,8,8
41,91,8,8
41,92,8,8
41,93,8,8
41,94,8,8
41,95,8,8
41,96,8,8
41,97,8,8
41,98,8,8
41,99,8,8
41,100,8,8
42,101,8,8
42,102,8,8
42,103,8,8
42,104,8,8
42,105,8,8
42,106,8,8
42,107,8,8
42,108,8,8
42,109,8,8
42,110,8,8
42,111,8,8
42,112,8,8
42,113,8,8
42,114,8,8
42,115,8,8
42,116,8,8
43,117,8,8
43,118,8,8
43,119,8,8
43,120,8,8
43,121,8,8
43,122,8,8
43,123,8,8
43,124,8,8
43,125,8,8
43,126,8,8
43,127,8,8
43,128,8,8
43,129,8,8
43,130,8,8
43,131,8,8
43,132,8,8
44,133,8,8
44,134,8,8
44,135,8,8
44,136,8,8
44,137,8,8
44,138,8,8
44,139,8,8
44,140,8,8
44,141,8,8
44,142,8,8
44,143,8,8
44,144,8,8
44,145,8,8
44,146,8,8
44,147,8,8
44,148,8,8
45,149,8,8
45,150,8,8
45,151,8,8
45,152,8,8
45,153,8,8
45,154,8,8
45,155,8,8
45,156,8,8
45,157,8,8
45,158,8,8
45,159,8,8
45,160,8,8
45,161,8,8
45,162,8,8
45,163,8,8
45,164,8,8
46,165,8,8
46,166,8,8
46,167,8,8
46,168,8,8
46,169,8,8
46,170,8,8
46,171,8,8
46,172,8,8
46,173,8,8
46,174,8,8
46,175,8,8
46,176,8,8
46,177,8,8
46,178,8,8
46,179,8,8
46,180,8,8
47,181,8,8
47,182,8,8
47,183,8,8
47,184,8,8
47,185,8,8
47,186,8,8
47,187,8,8
47,188,8,8
47,189,8,8
47,190,8,8
47,191,8,8
47,192,8,8
47,193,8,8
47,194,8,8
47,195,8,8
47,196,8,8
48,197,8,8
48,198,8,8
48,199,8,8
48,200,8,8
48,201,8,8
48,202,8,8
48,203,8,8
48,204,8,8
48,205,8,8
48,206,8,8
48,207,8,8
48,208,8,8
48,209,8,8
48,210,8,8
48,211,8,8
48,212,8,8
49,213,8,8
49,214,8,8
49,215,8,8
49,216,8,8
49,217,8,8
49,218,8,8
49,219,8,8
49,220,8,8
49,221,8,8
49,222,8,8
49,223,8,8
49,224,8,8
49,225,8,8
49,226,8,8
49,227,8,8
49,228,8,8
50,229,8,8
50,230,8,8
50,231,8,8
50,232,8,8
50,233,8,8
50,234,8,8
50,235,8,8
50,236,8,8
50,237,8,8
50,238,8,8
50,239,8,8
50,240,8,8
50,241,8,8
50,242,8,8
50,243,8,8
50,244,8,8
51,245,8,8
51,246,8,8
51,247,8,8
51,248,8,8
51,249,8,8
51,250,8,8
51,251,8,8
51,252,8,8
51,253,8,8
51,254,8,8
51,255,8,8
51,256,8,8
51,257,8,8
51,258,8,8
51,259,8,8
51,260,8,8
52,261,8,8
52,262,8,8
52,263,8,8
52,264,8,8
52,265,8,8
52,266,8,8
52,267,8,8
52,268,8,8
52,269,8,8
52,270,8,8
52,271,8,8
52,272,8,8
52,273,8,8
52,274,8,8
52,275,8,8
52,276,8,8
53,9,31,31
53,0,31,31
53,11,31,31
53,13,31,31
53,15,31,31
53,16,31,31
53,18,31,31
53,20,31,31
53,22,31,31
53,23,31,31
53,25,31,31
53,26,31,31
53,28,31,31
53,30,31,31
53,32,31,31
53,34,31,31
53,36,31,31
54,37,10,10
54,38,10,10
54,39,10,10
54,40,10,10
54,41,10,10
54,42,10,10
54,43,10,10
54,44,10,10
54,45,10,10
54,46,10,10
54,47,10,10
54,48,10,10
54,49,10,10
54,50,10,10
54,51,10,10
54,52,10,10
55,53,31,31
55,54,31,31
55,55,31,31
55,56,31,31
55,57,31,31
55,58,31,31
55,59,31,31
55,60,31,31
55,61,31,31
55,62,31,31
55,63,31,31
55,64,31,31
55,65,31,31
55,66,31,31
55,67,31,31
55,68,31,31
56,69,31,31
56,70,31,31
56,71,31,31
56,72,31,31
56,73,31,31
56,74,31,31
56,75,31,31
56,76,31,31
56,77,31,31
56,78,31,31
56,79,31,31
56,80,31,31
56,81,31,31
56,82,31,31
56,83,31,31
56,84,31,31
57,85,31,31
57,86,31,31
57,87,31,31
57,88,31,31
57,89,31,31
57,90,31,31
57,91,31,31
57,92,31,31
57,93,31,31
57,94,31,31
57,95,31,31
57,96,31,31
57,97,31,31
57,98,31,31
57,99,31,31
57,100,31,31
58,101,31,31
58,102,31,31
58,103,31,31
58,104,31,31
58,105,31,31
58,106,31,31
58,107,31,31
58,108,31,31
58,109,31,31
58,110,31,31
58,111,31,31
58,112,31,31
58,113,31,31
58,114,31,31
58,115,31,31
58,116,31,31
59,117,31,31
59,118,31,31
59,119,31,31
59,120,31,31
59,121,31,31
59,122,31,31
59,123,31,31
59,124,31,31
59,125,31,31
59,126,31,31
59,127,31,31
59,128,31,31
59,129,31,31
59,130,31,31
59,131,31,31
59,132,31,31
60,133,31,31
60,134,31,31
60,135,31,31
60,136,31,31
60,137,31,31
60,138,31,31
60,139,31,31
60,140,31,31
60,141,31,31
60,142,31,31
60,143,31,31
60,144,31,31
60,145,31,31
60,146,31,31
60,147,31,31
60,148,31,31
61,149,31,31
61,150,31,31
61,151,31,31
61,152,31,31
61,153,31,31
61,154,31,31
61,155,31,31
61,156,31,31
61,157,31,31
61,158,31,31
61,159,31,31
61,160,31,31
61,161,31,31
61,162,31,31
61,163,31,31
61,164,31,31
62,165,31,31
62,166,31,31
62,167,31,31
62,168,31,31
62,169,31,31
62,170,31,31
62,171,31,31
62,172,31,31
62,173,31,31
62,174,31,31
62,175,31,31
62,176,31,31
62,177,31,31
62,178,31,31
62,179,31,31
62,180,31,31
63,181,31,31
63,182,31,31
63,183,31,31
63,184,31,31
63,185,31,31
63,186,31,31
63,187,31,31
63,188,31,31
63,189,31,31
63,190,31,31
63,191,31,31
63,192,31,31
63,193,31,31
63,194,31,31
63,195,31,31
63,196,31,31
64,197,31,31
64,198,31,31
64,199,31,31
64,200,31,31
64,201,31,31
64,202,31,31
64,203,31,31
64,204,31,31
64,205,31,31
64,206,31,31
64,207,31,31
64,208,31,31
64,209,31,31
64,210,31,31
64,211,31,31
64,212,31,31
65,213,31,31
65,214,31,31
65,215,31,31
65,216,31,31
65,217,31,31
65,218,31,31
65,219,31,31
65,220,31,31
65,221,31,31
65,222,31,31
65,223,31,31
65,224,31,31
65,225,31,31
65,226,31,31
65,227,31,31
65,228,31,31
66,229,31,31
66,230,31,31
66,231,31,31
66,232,31,31
66,233,31,31
66,234,31,31
66,235,31,31
66,236,31,31
66,237,31,31
66,238,31,31
66,239,31,31
66,240,31,31
66,241,31,31
66,242,31,31
66,243,31,31
66,244,31,31
67,245,31,31
67,246,31,31
67,247,31,31
67,248,31,31
67,249,31,31
67,250,31,31
67,251,31,31
67,252,31,31
67,253,31,31
67,254,31,31
67,255,31,31
67,256,31,31
67,257,31,31
67,258,31,31
67,259,31,31
67,260,31,31
68,261,31,31
68,262,31,31
68,263,31,31
68,264,31,31
68,265,31,31
68,266,31,31
68,267,31,31
68,268,31,31
68,269,31,31
68,270,31,31
68,271,31,31
68,272,31,31
68,273,31,31
68,274,31,31
68,275,31,31
68,276,31,31
69,9,6,6
69,0,6,6
69,11,6,6
69,13,6,6
69,15,6,6
69,16,6,6
69,18,6,6
69,20,6,6
69,22,6,6
69,23,6,6
69,25,24,24
69,26,24,24
69,28,6,6
69,30,6,6
69,32,6,6
69,34,24,24
69,36,35,35
70,37,10,10
70,38,10,10
70,39,10,10
70,40,10,10
70,41,10,10
70,42,10,10
70,43,10,10
70,44,10,10
70,45,10,10
70,46,10,10
70,47,10,10
70,48,10,10
70,49,10,10
70,50,10,10
70,51,10,10
70,52,10,10
71,53,12,12
71,54,12,12
71,55,12,12
71,56,12,12
71,57,12,12
71,58,12,12
71,59,12,12
71,60,12,12
71,61,12,12
71,62,12,12
71,63,12,12
71,64,12,12
71,65,12,12
71,66,12,12
71,67,12,12
71,68,12,12
72,69,14,14
72,70,14,14
72,71,14,14
72,72,14,14
72,73,14,14
72,74,14,14
72,75,14,14
72,76,14,14
72,77,14,14
72,78,14,14
72,79,14,14
72,80,14,14
72,81,14,14
72,82,14,14
72,83,14,14
72,84,14,14
73,85,17,17
73,86,17,17
73,87,17,17
73,88,17,17
73,89,17,17
73,90,17,17
73,91,17,17
73,92,17,17
73,93,7,7
73,94,17,17
73,95,17,17
73,96,17,17
73,97,17,17
73,98,17,17
73,99,17,17
73,100,17,17
74,101,14,14
74,102,14,14
74,103,14,14
74,104,14,14
74,105,14,14
74,106,14,14
74,107,14,14
74,108,14,14
74,109,14,14
74,110,14,14
74,111,14,14
74,112,14,14
74,113,14,14
74,114,14,14
74,115,14,14
74,116,14,14
75,117,19,19
75,118,19,19
75,119,19,19
75,120,19,19
75,121,19,19
75,122,19,19
75,123,19,19
75,124,19,19
75,125,19,19
75,126,5,5
75,127,24,24
75,128,19,19
75,129,19,19
75,130,19,19
75,131,5,5
75,132,5,5
76,133,6,6
76,134,6,6
76,135,6,6
76,136,6,6
76,137,6,6
76,138,6,6
76,139,6,6
76,140,6,6
76,141,6,6
76,142,24,24
76,143,24,24
76,144,6,6
76,145,6,6
76,146,6,6
76,147,24,24
76,148,35,35
77,149,8,8
77,150,8,8
77,151,8,8
77,152,8,8
77,153,8,8
77,154,8,8
77,155,8,8
77,156,8,8
77,157,8,8
77,158,8,8
77,159,8,8
77,160,8,8
77,161,8,8
77,162,8,8
77,163,8,8
77,164,8,8
78,165,6,6
78,166,6,6
78,167,6,6
78,168,6,6
78,169,6,6
78,170,6,6
78,171,6,6
78,172,6,6
78,173,6,6
78,174,24,24
78,175,24,24
78,176,6,6
78,177,6,6
78,178,6,6
78,179,24,24
78,180,35,35
79,181,19,19
79,182,19,19
79,183,19,19
79,184,19,19
79,185,19,19
79,186,19,19
79,187,19,19
79,188,19,19
79,189,19,19
79,190,5,5
79,191,24,24
79,192,19,19
79,193,19,19
79,194,19,19
79,195,5,5
79,196,5,5
80,197,5,5
80,198,5,5
80,199,5,5
80,200,5,5
80,201,5,5
80,202,5,5
80,203,5,5
80,204,5,5
80,205,5,5
80,206,5,5
80,207,5,5
80,208,5,5
80,209,5,5
80,210,5,5
80,211,5,5
80,212,5,5
81,213,27,27
81,214,27,27
81,215,27,27
81,216,27,27
81,217,27,27
81,218,27,27
81,219,27,27
81,220,27,27
81,221,27,27
81,222,27,27
81,223,27,27
81,224,27,27
81,225,27,27
81,226,27,27
81,227,27,27
81,228,27,27
82,229,6,6
82,230,6,6
82,231,6,6
82,232,6,6
82,233,6,6
82,234,6,6
82,235,6,6
82,236,6,6
82,237,6,6
82,238,24,24
82,239,24,24
82,240,6,6
82,241,6,6
82,242,6,6
82,243,24,24
82,244,35,35
83,245,6,6
83,246,6,6
83,247,6,6
83,248,6,6
83,249,6,6
83,250,6,6
83,251,6,6
83,252,6,6
83,253,6,6
83,254,24,24
83,255,24,24
83,256,6,6
83,257,6,6
83,258,6,6
83,259,24,24
83,260,35,35
84,261,6,6
84,262,6,6
84,263,6,6
84,264,6,6
84,265,6,6
84,266,6,6
84,267,6,6
84,268,6,6
84,269,6,6
84,270,24,24
84,271,24,24
84,272,6,6
84,273,6,6
84,274,6,6
84,275,24,24
84,276,35,35
85,9,31,31
85,0,31,31
85,11,31,31
85,13,31,31
85,15,31,31
85,16,31,31
85,18,31,31
85,20,31,31
85,22,31,31
85,23,31,31
85,25,31,31
85,26,31,31
85,28,31,31
85,30,31,31
85,32,31,31
85,34,31,31
85,36,31,31
86,37,10,10
86,38,10,10
86,39,10,10
86,40,10,10
86,41,10,10
86,42,10,10
86,43,10,10
86,44,10,10
86,45,10,10
86,46,10,10
86,47,10,10
86,48,10,10
86,49,10,10
86,50,10,10
86,51,10,10
86,52,10,10
87,53,31,31
87,54,31,31
87,55,31,31
87,56,31,31
87,57,31,31
87,58,31,31
87,59,31,31
87,60,31,31
87,61,31,31
87,62,31,31
87,63,31,31
87,64,31,31
87,65,31,31
87,66,31,31
87,67,31,31
87,68,31,31
88,69,31,31
88,70,31,31
88,71,31,31
88,72,31,31
88,73,31,31
88,74,31,31
88,75,31,31
88,76,31,31
88,77,31,31
88,78,31,31
88,79,31,31
88,80,31,31
88,81,31,31
88,82,31,31
88,83,31,31
88,84,31,31
89,85,31,31
89,86,31,31
89,87,31,31
89,88,31,31
89,89,31,31
89,90,31,31
89,91,31,31
89,92,31,31
89,93,31,31
89,94,31,31
89,95,31,31
89,96,31,31
89,97,31,31
89,98,31,31
89,99,31,31
89,100,31,31
90,101,31,31
90,102,31,31
90,103,31,31
90,104,31,31
90,105,31,31
90,106,31,31
90,107,31,31
90,108,31,31
90,109,31,31
90,110,31,31
90,111,31,31
90,112,31,31
90,113,31,31
90,114,31,31
90,115,31,31
90,116,31,31
91,117,31,31
91,118,31,31
91,119,31,31
91,120,31,31
91,121,31,31
91,122,31,31
91,123,31,31
91,124,31,31
91,125,31,31
91,126,31,31
91,127,31,31
91,128,31,31
91,129,31,31
91,130,31,31
91,131,31,31
91,132,31,31
92,133,31,31
92,134,31,31
92,135,31,31
92,136,31,31
92,137,31,31
92,138,31,31
92,139,31,31
92,140,31,31
92,141,31,31
92,142,31,31
92,143,31,31
92,144,31,31
92,145,31,31
92,146,31,31
92,147,31,31
92,148,31,31
93,149,31,31
93,150,31,31
93,151,31,31
93,152,31,31
93,153,31,31
93,154,31,31
93,155,31,31
93,156,31,31
93,157,31,31
93,158,31,31
93,159,31,31
93,160,31,31
93,161,31,31
93,162,31,31
93,163,31,31
93,164,31,31
94,165,31,31
94,166,31,31
94,167,31,31
94,168,31,31
94,169,31,31
94,170,31,31
94,171,31,31
94,172,31,31
94,173,31,31
94,174,31,31
94,175,31,31
94,176,31,31
94,177,31,31
94,178,31,31
94,179,31,31
94,180,31,31
95,181,31,31
95,182,31,31
95,183,31,31
95,184,31,31
95,185,31,31
95,186,31,31
95,187,31,31
95,188,31,31
95,189,31,31
95,190,31,31
95,191,31,31
95,192,31,31
95,193,31,31
95,194,31,31
95,195,31,31
95,196,31,31
96,197,31,31
96,198,31,31
96,199,31,31
96,200,31,31
96,201,31,31
96,202,31,31
96,203,31,31
96,204,31,31
96,205,31,31
96,206,31,31
96,207,31,31
96,208,31,31
96,209,31,31
96,210,31,31
96,211,31,31
96,212,31,31
97,213,31,31
97,214,31,31
97,215,31,31
97,216,31,31
97,217,31,31
97,218,31,31
97,219,31,31
97,220,31,31
97,221,31,31
97,222,31,31
97,223,31,31
97,224,31,31
97,225,31,31
97,226,31,31
97,227,31,31
97,228,31,31
98,229,31,31
98,230,31,31
98,231,31,31
98,232,31,31
98,233,31,31
98,234,31,31
98,235,31,31
98,236,31,31
98,237,31,31
98,238,31,31
98,239,31,31
98,240,31,31
98,241,31,31
98,242,31,31
98,243,31,31
98,244,31,31
99,245,31,31
99,246,31,31
99,247,31,31
99,248,31,31
99,249,31,31
99,250,31,31
99,251,31,31
99,252,31,31
99,253,31,31
99,254,31,31
99,255,31,31
99,256,31,31
99,257,31,31
99,258,31,31
99,259,31,31
99,260,31,31
100,261,31,31
100,262,31,31
100,263,31,31
100,264,31,31
100,265,31,31
100,266,31,31
100,267,31,31
100,268,31,31
100,269,31,31
100,270,31,31
100,271,31,31
100,272,31,31
100,273,31,31
100,274,31,31
100,275,31,31
100,276,31,31
101,9,31,31
101,0,31,31
101,11,31,31
101,13,31,31
101,15,31,31
101,16,31,31
101,18,31,31
101,20,31,31
101,22,31,31
101,23,31,31
101,25,31,31
101,26,31,31
101,28,31,31
101,30,31,31
101,32,31,31
101,34,31,31
101,36,31,31
102,37,10,10
102,38,10,10
102,39,10,10
102,40,10,10
102,41,10,10
102,42,10,10
102,43,10,10
102,44,10,10
102,45,10,10
102,46,10,10
102,47,10,10
102,48,10,10
102,49,10,10
102,50,10,10
102,51,10,10
102,52,10,10
103,53,31,31
103,54,31,31
103,55,31,31
103,56,31,31
103,57,31,31
103,58,31,31
103,59,31,31
103,60,31,31
103,61,31,31
103,62,31,31
103,63,31,31
103,64,31,31
103,65,31,31
103,66,31,31
103,67,31,31
103,68,31,31
104,69,31,31
104,70,31,31
104,71,31,31
104,72,31,31
104,73,31,31
104,74,31,31
104,75,31,31
104,76,31,31
104,77,31,31
104,78,31,31
104,79,31,31
104,80,31,31
104,81,31,31
104,82,31,31
104,83,31,31
104,84,31,31
105,85,31,31
105,86,31,31
105,87,31,31
105,88,31,31
105,89,31,31
105,90,31,31
105,91,31,31
105,92,31,31
105,93,31,31
105,94,31,31
105,95,31,31
105,96,31,31
105,97,31,31
105,98,31,31
105,99,31,31
105,100,31,31
106,101,31,31
106,102,31,31
106,103,31,31
106,104,31,31
106,105,31,31
106,106,31,31
106,107,31,31
106,108,31,31
106,109,31,31
106,110,31,31
106,111,31,31
106,112,31,31
106,113,31,31
106,114,31,31
106,115,31,31
106,116,31,31
107,117,31,31
107,118,31,31
107,119,31,31
107,120,31,31
107,121,31,31
107,122,31,31
107,123,31,31
107,124,31,31
107,125,31,31
107,126,31,31
107,127,31,31
107,128,31,31
107,129,31,31
107,130,31,31
107,131,31,31
107,132,31,31
108,133,31,31
108,134,31,31
108,135,31,31
108,136,31,31
108,137,31,31
108,138,31,31
108,139,31,31
108,140,31,31
108,141,31,31
108,142,31,31
108,143,31,31
108,144,31,31
108,145,31,31
108,146,31,31
108,147,31,31
108,148,31,31
109,149,31,31
109,150,31,31
109,151,31,31
109,152,31,31
109,153,31,31
109,154,31,31
109,155,31,31
109,156,31,31
109,157,31,31
109,158,31,31
109,159,31,31
109,160,31,31
109,161,31,31
109,162,31,31
109,163,31,31
109,164,31,31
110,165,31,31
110,166,31,31
110,167,31,31
110,168,31,31
110,169,31,31
110,170,31,31
110,171,31,31
110,172,31,31
110,173,31,31
110,174,31,31
110,175,31,31
110,176,31,31
110,177,31,31
110,178,31,31
110,179,31,31
110,180,31,31
111,181,31,31
111,182,31,31
111,183,31,31
111,184,31,31
111,185,31,31
111,186,31,31
111,187,31,31
111,188,31,31
111,189,31,31
111,190,31,31
111,191,31,31
111,192,31,31
111,193,31,31
111,194,31,31
111,195,31,31
111,196,31,31
112,197,31,31
112,198,31,31
112,199,31,31
112,200,31,31
112,201,31,31
112,202,31,31
112,203,31,31
112,204,31,31
112,205,31,31
112,206,31,31
112,207,31,31
112,208,31,31
112,209,31,31
112,210,31,31
112,211,31,31
112,212,31,31
113,213,31,31
113,214,31,31
113,215,31,31
113,216,31,31
113,217,31,31
113,218,31,31
113,219,31,31
113,220,31,31
113,221,31,31
113,222,31,31
113,223,31,31
113,224,31,31
113,225,31,31
113,226,31,31
113,227,31,31
113,228,31,31
114,229,31,31
114,230,31,31
114,231,31,31
114,232,31,31
114,233,31,31
114,234,31,31
114,235,31,31
114,236,31,31
114,237,31,31
114,238,31,31
114,239,31,31
114,240,31,31
114,241,31,31
114,242,31,31
114,243,31,31
114,244,31,31
115,245,31,31
115,246,31,31
115,247,31,31
115,248,31,31
115,249,31,31
115,250,31,31
115,251,31,31
115,252,31,31
115,253,31,31
115,254,31,31
115,255,31,31
115,256,31,31
115,257,31,31
115,258,31,31
115,259,31,31
115,260,31,31
116,261,31,31
116,262,31,31
116,263,31,31
116,264,31,31
116,265,31,31
116,266,31,31
116,267,31,31
116,268,31,31
116,269,31,31
116,270,31,31
116,271,31,31
116,272,31,31
116,273,31,31
116,274,31,31
116,275,31,31
116,276,31,31
117,9,6,6
117,0,6,6
117,11,6,6
117,13,6,6
117,15,6,6
117,16,35,35
117,18,6,6
117,20,6,6
117,22,6,6
117,23,6,6
117,25,24,24
117,26,24,24
117,28,6,6
117,30,6,6
117,32,6,6
117,34,24,24
117,36,35,35
118,37,10,10
118,38,10,10
118,39,10,10
118,40,10,10
118,41,35,35
118,42,10,10
118,43,10,10
118,44,10,10
118,45,10,10
118,46,10,10
118,47,10,10
118,48,10,10
118,49,10,10
118,50,10,10
118,51,10,10
118,52,10,10
119,53,12,12
119,54,12,12
119,55,12,12
119,56,12,12
119,57,35,35
119,58,12,12
119,59,12,12
119,60,12,12
119,61,12,12
119,62,12,12
119,63,12,12
119,64,12,12
119,65,12,12
119,66,12,12
119,67,12,12
119,68,12,12
120,69,14,14
120,70,14,14
120,71,14,14
120,72,14,14
120,73,35,35
120,74,14,14
120,75,14,14
120,76,14,14
120,77,14,14
120,78,14,14
120,79,14,14
120,80,14,14
120,81,14,14
120,82,14,14
120,83,14,14
120,84,14,14
121,85,17,17
121,86,17,17
121,87,17,17
121,88,17,17
121,89,35,35
121,90,17,17
121,91,17,17
121,92,17,17
121,93,7,7
121,94,17,17
121,95,17,17
121,96,17,17
121,97,17,17
121,98,17,17
121,99,17,17
121,100,17,17
122,101,14,14
122,102,14,14
122,103,14,14
122,104,14,14
122,105,35,35
122,106,14,14
122,107,14,14
122,108,14,14
122,109,14,14
122,110,14,14
122,111,14,14
122,112,14,14
122,113,14,14
122,114,14,14
122,115,14,14
122,116,14,14
123,117,19,19
123,118,19,19
123,119,19,19
123,120,19,19
123,121,35,35
123,122,19,19
123,123,6,6
123,124,19,19
123,125,19,19
123,126,5,5
123,127,24,24
123,128,19,19
123,129,19,19
123,130,19,19
123,131,5,5
123,132,5,5
124,133,6,6
124,134,6,6
124,135,6,6
124,136,6,6
124,137,35,35
124,138,6,6
124,139,6,6
124,140,6,6
124,141,6,6
124,142,24,24
124,143,24,24
124,144,6,6
124,145,6,6
124,146,6,6
124,147,24,24
124,148,35,35
125,149,8,8
125,150,8,8
125,151,8,8
125,152,8,8
125,153,35,35
125,154,8,8
125,155,8,8
125,156,8,8
125,157,8,8
125,158,8,8
125,159,8,8
125,160,8,8
125,161,8,8
125,162,8,8
125,163,8,8
125,164,8,8
126,165,6,6
126,166,6,6
126,167,6,6
126,168,6,6
126,169,35,35
126,170,6,6
126,171,6,6
126,172,6,6
126,173,6,6
126,174,24,24
126,175,24,24
126,176,6,6
126,177,6,6
126,178,6,6
126,179,24,24
126,180,35,35
127,181,19,19
127,182,19,19
127,183,19,19
127,184,19,19
127,185,35,35
127,186,19,19
127,187,6,6
127,188,19,19
127,189,19,19
127,190,5,5
127,191,24,24
127,192,19,19
127,193,19,19
127,194,19,19
127,195,5,5
127,196,5,5
128,197,5,5
128,198,5,5
128,199,5,5
128,200,5,5
128,201,35,35
128,202,5,5
128,203,5,5
128,204,5,5
128,205,5,5
128,206,5,5
128,207,5,5
128,208,5,5
128,209,5,5
128,210,5,5
128,211,5,5
128,212,5,5
129,213,27,27
129,214,27,27
129,215,27,27
129,216,27,27
129,217,35,35
129,218,27,27
129,219,27,27
129,220,27,27
129,221,27,27
129,222,27,27
129,223,27,27
129,224,27,27
129,225,27,27
129,226,27,27
129,227,27,27
129,228,27,27
130,229,6,6
130,230,6,6
130,231,6,6
130,232,6,6
130,233,35,35
130,234,6,6
130,235,6,6
130,236,6,6
130,237,6,6
130,238,24,24
130,239,24,24
130,240,6,6
130,241,6,6
130,242,6,6
130,243,24,24
130,244,35,35
131,245,6,6
131,246,6,6
131,247,6,6
131,248,6,6
131,249,35,35
131,250,6,6
131,251,6,6
131,252,6,6
131,253,6,6
131,254,24,24
131,255,24,24
131,256,6,6
131,257,6,6
131,258,6,6
131,259,24,24
131,260,35,35
132,261,31,31
132,262,31,31
132,263,31,31
132,264,31,31
132,265,35,35
132,266,31,31
132,267,6,6
132,268,31,31
132,269,31,31
132,270,33,33
132,271,24,24
132,272,31,31
132,273,31,31
132,274,31,31
132,275,31,31
132,276,31,31
133,9,6,6
133,0,6,6
133,11,6,6
133,13,6,6
133,15,6,6
133,16,6,6
133,18,6,6
133,20,6,6
133,22,6,6
133,23,6,6
133,25,24,24
133,26,24,24
133,28,6,6
133,30,6,6
133,32,6,6
133,34,24,24
133,36,35,35
134,37,10,10
134,38,10,10
134,39,10,10
134,40,10,10
134,41,10,10
134,42,10,10
134,43,10,10
134,44,10,10
134,45,10,10
134,46,10,10
134,47,10,10
134,48,10,10
134,49,10,10
134,50,10,10
134,51,10,10
134,52,10,10
135,53,12,12
135,54,12,12
135,55,12,12
135,56,12,12
135,57,12,12
135,58,12,12
135,59,12,12
135,60,12,12
135,61,12,12
135,62,12,12
135,63,12,12
135,64,12,12
135,65,12,12
135,66,12,12
135,67,12,12
135,68,12,12
136,69,14,14
136,70,14,14
136,71,14,14
136,72,14,14
136,73,14,14
136,74,14,14
136,75,14,14
136,76,14,14
136,77,14,14
136,78,14,14
136,79,14,14
136,80,14,14
136,81,14,14
136,82,14,14
136,83,14,14
136,84,14,14
137,85,17,17
137,86,17,17
137,87,17,17
137,88,17,17
137,89,17,17
137,90,17,17
137,91,17,17
137,92,17,17
137,93,7,7
137,94,17,17
137,95,17,17
137,96,17,17
137,97,17,17
137,98,17,17
137,99,17,17
137,100,17,17
138,101,14,14
138,102,14,14
138,103,14,14
138,104,14,14
138,105,14,14
138,106,14,14
138,107,14,14
138,108,14,14
138,109,14,14
138,110,14,14
138,111,14,14
138,112,14,14
138,113,14,14
138,114,14,14
138,115,14,14
138,116,14,14
139,117,19,19
139,118,19,19
139,119,19,19
139,120,19,19
139,121,19,19
139,122,19,19
139,123,19,19
139,124,19,19
139,125,19,19
139,126,5,5
139,127,24,24
139,128,19,19
139,129,19,19
139,130,19,19
139,131,5,5
139,132,5,5
140,133,6,6
140,134,6,6
140,135,6,6
140,136,6,6
140,137,6,6
140,138,6,6
140,139,6,6
140,140,6,6
140,141,6,6
140,142,24,24
140,143,24,24
140,144,6,6
140,145,6,6
140,146,6,6
140,147,24,24
140,148,35,35
141,149,8,8
141,150,8,8
141,151,8,8
141,152,8,8
141,153,8,8
141,154,8,8
141,155,8,8
141,156,8,8
141,157,8,8
141,158,8,8
141,159,8,8
141,160,8,8
141,161,8,8
141,162,8,8
141,163,8,8
141,164,8,8
142,165,6,6
142,166,6,6
142,167,6,6
142,168,6,6
142,169,6,6
142,170,6,6
142,171,6,6
142,172,6,6
142,173,6,6
142,174,24,24
142,175,24,24
142,176,6,6
142,177,6,6
142,178,6,6
142,179,24,24
142,180,35,35
143,181,19,19
143,182,19,19
143,183,19,19
143,184,19,19
143,185,19,19
143,186,19,19
143,187,19,19
143,188,19,19
143,189,19,19
143,190,5,5
143,191,24,24
143,192,19,19
143,193,19,19
143,194,19,19
143,195,5,5
143,196,5,5
144,197,5,5
144,198,5,5
144,199,5,5
144,200,5,5
144,201,5,5
144,202,5,5
144,203,5,5
144,204,5,5
144,205,5,5
144,206,5,5
144,207,5,5
144,208,5,5
144,209,5,5
144,210,5,5
144,211,5,5
144,212,5,5
145,213,27,27
145,214,27,27
145,215,27,27
145,216,27,27
145,217,27,27
145,218,27,27
145,219,27,27
145,220,27,27
145,221,27,27
145,222,27,27
145,223,27,27
145,224,27,27
145,225,27,27
145,226,27,27
145,227,27,27
145,228,27,27
146,229,6,6
146,230,6,6
146,231,6,6
146,232,6,6
146,233,6,6
146,234,6,6
146,235,6,6
146,236,6,6
146,237,6,6
146,238,24,24
146,239,24,24
146,240,6,6
146,241,6,6
146,242,6,6
146,243,24,24
146,244,35,35
147,245,6,6
147,246,6,6
147,247,6,6
147,248,6,6
147,249,6,6
147,250,6,6
147,251,6,6
147,252,6,6
147,253,6,6
147,254,24,24
147,255,24,24
147,256,6,6
147,257,6,6
147,258,6,6
147,259,24,24
147,260,35,35
148,261,6,6
148,262,6,6
148,263,6,6
148,264,6,6
148,265,6,6
148,266,6,6
148,267,6,6
148,268,6,6
148,269,6,6
148,270,24,24
148,271,24,24
148,272,6,6
148,273,6,6
148,274,6,6
148,275,24,24
148,276,35,35
149,9,21,21
149,0,21,21
149,11,21,21
149,13,21,21
149,15,21,21
149,16,21,21
149,18,21,21
149,20,21,21
149,22,21,21
149,23,21,21
149,25,21,21
149,26,21,21
149,28,21,21
149,30,21,21
149,32,21,21
149,34,21,21
149,36,21,21
150,37,21,21
150,38,21,21
150,39,21,21
150,40,21,21
150,41,21,21
150,42,21,21
150,43,21,21
150,44,21,21
150,45,21,21
150,46,21,21
150,47,21,21
150,48,21,21
150,49,21,21
150,50,21,21
150,51,21,21
150,52,21,21
151,53,21,21
151,54,21,21
151,55,21,21
151,56,21,21
151,57,21,21
151,58,21,21
151,59,21,21
151,60,21,21
151,61,21,21
151,62,21,21
151,63,21,21
151,64,21,21
151,65,21,21
151,66,21,21
151,67,21,21
151,68,21,21
152,69,21,21
152,70,21,21
152,71,21,21
152,72,21,21
152,73,21,21
152,74,21,21
152,75,21,21
152,76,21,21
152,77,21,21
152,78,21,21
152,79,21,21
152,80,21,21
152,81,21,21
152,82,21,21
152,83,21,21
152,84,21,21
153,85,21,21
153,86,21,21
153,87,21,21
153,88,21,21
153,89,21,21
153,90,21,21
153,91,21,21
153,92,21,21
153,93,21,21
153,94,21,21
153,95,21,21
153,96,21,21
153,97,21,21
153,98,21,21
153,99,21,21
153,100,21,21
154,101,21,21
154,102,21,21
154,103,21,21
154,104,21,21
154,105,21,21
154,106,21,21
154,107,21,21
154,108,21,21
154,109,21,21
154,110,21,21
154,111,21,21
154,112,21,21
154,113,21,21
154,114,21,21
154,115,21,21
154,116,21,21
155,117,21,21
155,118,21,21
155,119,21,21
155,120,21,21
155,121,21,21
155,122,21,21
155,123,21,21
155,124,21,21
155,125,21,21
155,126,21,21
155,127,21,21
155,128,21,21
155,129,21,21
155,130,21,21
155,131,21,21
155,132,21,21
156,133,21,21
156,134,21,21
156,135,21,21
156,136,21,21
156,137,21,21
156,138,21,21
156,139,21,21
156,140,21,21
156,141,21,21
156,142,21,21
156,143,21,21
156,144,21,21
156,145,21,21
156,146,21,21
156,147,21,21
156,148,21,21
157,149,21,21
157,150,21,21
157,151,21,21
157,152,21,21
157,153,21,21
157,154,21,21
157,155,21,21
157,156,21,21
157,157,21,21
157,158,21,21
157,159,21,21
157,160,21,21
157,161,21,21
157,162,21,21
157,163,21,21
157,164,21,21
158,165,21,21
158,166,21,21
158,167,21,21
158,168,21,21
158,169,21,21
158,170,21,21
158,171,21,21
158,172,21,21
158,173,21,21
158,174,21,21
158,175,21,21
158,176,21,21
158,177,21,21
158,178,21,21
158,179,21,21
158,180,21,21
159,181,21,21
159,182,21,21
159,183,21,21
159,184,21,21
159,185,21,21
159,186,21,21
159,187,21,21
159,188,21,21
159,189,21,21
159,190,21,21
159,191,21,21
159,192,21,21
159,193,21,21
159,194,21,21
159,195,21,21
159,196,21,21
160,197,21,21
160,198,21,21
160,199,21,21
160,200,21,21
160,201,21,21
160,202,21,21
160,203,21,21
160,204,21,21
160,205,21,21
160,206,21,21
160,207,21,21
160,208,21,21
160,209,21,21
160,210,21,21
160,211,21,21
160,212,21,21
161,213,21,21
161,214,21,21
161,215,21,21
161,216,21,21
161,217,21,21
161,218,21,21
161,219,21,21
161,220,21,21
161,221,21,21
161,222,21,21
161,223,21,21
161,224,21,21
161,225,21,21
161,226,21,21
161,227,21,21
161,228,21,21
162,229,21,21
162,230,21,21
162,231,21,21
162,232,21,21
162,233,21,21
162,234,21,21
162,235,21,21
162,236,21,21
162,237,21,21
162,238,21,21
162,239,21,21
162,240,21,21
162,241,21,21
162,242,21,21
162,243,21,21
162,244,21,21
163,245,21,21
163,246,21,21
163,247,21,21
163,248,21,21
163,249,21,21
163,250,21,21
163,251,21,21
163,252,21,21
163,253,21,21
163,254,21,21
163,255,21,21
163,256,21,21
163,257,21,21
163,258,21,21
163,259,21,21
163,260,21,21
164,261,21,21
164,262,21,21
164,263,21,21
164,264,21,21
164,265,21,21
164,266,21,21
164,267,21,21
164,268,21,21
164,269,21,21
164,270,21,21
164,271,21,21
164,272,21,21
164,273,21,21
164,274,21,21
164,275,21,21
164,276,21,21
165,9,6,6
165,0,6,6
165,11,6,6
165,13,6,6
165,15,6,6
165,16,6,6
165,18,6,6
165,20,6,6
165,22,6,6
165,23,6,6
165,25,24,24
165,26,24,24
165,28,6,6
165,30,6,6
165,32,6,6
165,34,24,24
165,36,35,35
166,37,10,10
166,38,10,10
166,39,10,10
166,40,10,10
166,41,10,10
166,42,10,10
166,43,10,10
166,44,10,10
166,45,10,10
166,46,10,10
166,47,10,10
166,48,10,10
166,49,10,10
166,50,10,10
166,51,10,10
166,52,10,10
167,53,12,12
167,54,12,12
167,55,12,12
167,56,12,12
167,57,12,12
167,58,12,12
167,59,12,12
167,60,12,12
167,61,12,12
167,62,12,12
167,63,12,12
167,64,12,12
167,65,12,12
167,66,12,12
167,67,12,12
167,68,12,12
168,69,14,14
168,70,14,14
168,71,14,14
168,72,14,14
168,73,14,14
168,74,14,14
168,75,14,14
168,76,14,14
168,77,14,14
168,78,14,14
168,79,14,14
168,80,14,14
168,81,14,14
168,82,14,14
168,83,14,14
168,84,14,14
169,85,17,17
169,86,17,17
169,87,17,17
169,88,17,17
169,89,17,17
169,90,17,17
169,91,17,17
169,92,17,17
169,93,7,7
169,94,17,17
169,95,17,17
169,96,17,17
169,97,17,17
169,98,17,17
169,99,17,17
169,100,17,17
170,101,14,14
170,102,14,14
170,103,14,14
170,104,14,14
170,105,14,14
170,106,14,14
170,107,14,14
170,108,14,14
170,109,14,14
170,110,14,14
170,111,14,14
170,112,14,14
170,113,14,14
170,114,14,14
170,115,14,14
170,116,14,14
171,117,19,19
171,118,19,19
171,119,19,19
171,120,19,19
171,121,19,19
171,122,19,19
171,123,19,19
171,124,19,19
171,125,19,19
171,126,5,5
171,127,24,24
171,128,19,19
171,129,19,19
171,130,19,19
171,131,5,5
171,132,5,5
172,133,6,6
172,134,6,6
172,135,6,6
172,136,6,6
172,137,6,6
172,138,6,6
172,139,6,6
172,140,6,6
172,141,6,6
172,142,24,24
172,143,24,24
172,144,6,6
172,145,6,6
172,146,6,6
172,147,24,24
172,148,35,35
173,149,8,8
173,150,8,8
173,151,8,8
173,152,8,8
173,153,8,8
173,154,8,8
173,155,8,8
173,156,8,8
173,157,8,8
173,158,8,8
173,159,8,8
173,160,8,8
173,161,8,8
173,162,8,8
173,163,8,8
173,164,8,8
174,165,6,6
174,166,6,6
174,167,6,6
174,168,6,6
174,169,6,6
174,170,6,6
174,171,6,6
174,172,6,6
174,173,6,6
174,174,24,24
174,175,24,24
174,176,6,6
174,177,6,6
174,178,6,6
174,179,24,24
174,180,35,35
175,181,19,19
175,182,19,19
175,183,19,19
175,184,19,19
175,185,19,19
175,186,19,19
175,187,19,19
175,188,19,19
175,189,19,19
175,190,5,5
175,191,24,24
175,192,19,19
175,193,19,19
175,194,19,19
175,195,5,5
175,196,5,5
176,197,5,5
176,198,5,5
176,199,5,5
176,200,5,5
176,201,5,5
176,202,5,5
176,203,5,5
176,204,5,5
176,205,5,5
176,206,5,5
176,207,5,5
176,208,5,5
176,209,5,5
176,210,5,5
176,211,5,5
176,212,5,5
177,213,27,27
177,214,27,27
177,215,27,27
177,216,27,27
177,217,27,27
177,218,27,27
177,219,27,27
177,220,27,27
177,221,27,27
177,222,27,27
177,223,27,27
177,224,27,27
177,225,27,27
177,226,27,27
177,227,27,27
177,228,27,27
178,229,6,6
178,230,6,6
178,231,6,6
178,232,6,6
178,233,6,6
178,234,6,6
178,235,6,6
178,236,6,6
178,237,6,6
178,238,24,24
178,239,24,24
178,240,6,6
178,241,6,6
178,242,6,6
178,243,24,24
178,244,35,35
179,245,6,6
179,246,6,6
179,247,6,6
179,248,6,6
179,249,6,6
179,250,6,6
179,251,6,6
179,252,6,6
179,253,6,6
179,254,24,24
179,255,24,24
179,256,6,6
179,257,6,6
179,258,6,6
179,259,24,24
179,260,35,35
180,261,6,6
180,262,6,6
180,263,6,6
180,264,6,6
180,265,6,6
180,266,6,6
180,267,6,6
180,268,6,6
180,269,6,6
180,270,24,24
180,271,24,24
180,272,6,6
180,273,6,6
180,274,6,6
180,275,24,24
180,276,35,35
181,9,6,6
181,0,6,6
181,11,6,6
181,13,6,6
181,15,35,35
181,16,6,6
181,18,6,6
181,20,35,35
181,22,6,6
181,23,6,6
181,25,24,24
181,26,35,35
181,28,35,35
181,30,6,6
181,32,6,6
181,34,24,24
181,36,35,35
182,37,10,10
182,38,10,10
182,39,10,10
182,40,35,35
182,41,10,10
182,42,10,10
182,43,10,10
182,44,10,10
182,45,10,10
182,46,10,10
182,47,10,10
182,48,35,35
182,49,10,10
182,50,10,10
182,51,10,10
182,52,10,10
183,53,12,12
183,54,12,12
183,55,12,12
183,56,35,35
183,57,12,12
183,58,12,12
183,59,12,12
183,60,12,12
183,61,12,12
183,62,12,12
183,63,12,12
183,64,35,35
183,65,12,12
183,66,12,12
183,67,12,12
183,68,12,12
184,69,14,14
184,70,14,14
184,71,14,14
184,72,35,35
184,73,14,14
184,74,14,14
184,75,14,14
184,76,14,14
184,77,14,14
184,78,14,14
184,79,14,14
184,80,35,35
184,81,14,14
184,82,14,14
184,83,14,14
184,84,14,14
185,85,17,17
185,86,17,17
185,87,17,17
185,88,35,35
185,89,17,17
185,90,17,17
185,91,17,17
185,92,17,17
185,93,7,7
185,94,17,17
185,95,17,17
185,96,35,35
185,97,17,17
185,98,17,17
185,99,17,17
185,100,17,17
186,101,14,14
186,102,14,14
186,103,14,14
186,104,35,35
186,105,14,14
186,106,14,14
186,107,14,14
186,108,14,14
186,109,14,14
186,110,14,14
186,111,14,14
186,112,35,35
186,113,14,14
186,114,14,14
186,115,14,14
186,116,14,14
187,117,19,19
187,118,19,19
187,119,19,19
187,120,35,35
187,121,19,19
187,122,19,19
187,123,19,19
187,124,19,19
187,125,19,19
187,126,5,5
187,127,24,24
187,128,35,35
187,129,19,19
187,130,19,19
187,131,5,5
187,132,5,5
188,133,6,6
188,134,6,6
188,135,6,6
188,136,35,35
188,137,6,6
188,138,6,6
188,139,6,6
188,140,6,6
188,141,6,6
188,142,24,24
188,143,24,24
188,144,35,35
188,145,6,6
188,146,6,6
188,147,24,24
188,148,35,35
189,149,8,8
189,150,8,8
189,151,8,8
189,152,35,35
189,153,8,8
189,154,8,8
189,155,8,8
189,156,8,8
189,157,8,8
189,158,8,8
189,159,8,8
189,160,35,35
189,161,8,8
189,162,8,8
189,163,8,8
189,164,8,8
190,165,6,6
190,166,6,6
190,167,6,6
190,168,35,35
190,169,6,6
190,170,6,6
190,171,35,35
190,172,6,6
190,173,6,6
190,174,24,24
190,175,35,35
190,176,35,35
190,177,6,6
190,178,6,6
190,179,24,24
190,180,35,35
191,181,19,19
191,182,19,19
191,183,19,19
191,184,35,35
191,185,19,19
191,186,19,19
191,187,19,19
191,188,19,19
191,189,19,19
191,190,5,5
191,191,24,24
191,192,35,35
191,193,19,19
191,194,19,19
191,195,5,5
191,196,5,5
192,197,5,5
192,198,5,5
192,199,5,5
192,200,35,35
192,201,5,5
192,202,5,5
192,203,5,5
192,204,5,5
192,205,5,5
192,206,5,5
192,207,5,5
192,208,35,35
192,209,5,5
192,210,5,5
192,211,5,5
192,212,5,5
193,213,27,27
193,214,27,27
193,215,27,27
193,216,35,35
193,217,27,27
193,218,27,27
193,219,27,27
193,220,27,27
193,221,27,27
193,222,27,27
193,223,27,27
193,224,35,35
193,225,27,27
193,226,27,27
193,227,27,27
193,228,27,27
194,229,6,6
194,230,6,6
194,231,6,6
194,232,35,35
194,233,6,6
194,234,6,6
194,235,35,35
194,236,6,6
194,237,6,6
194,238,24,24
194,239,35,35
194,240,35,35
194,241,6,6
194,242,6,6
194,243,24,24
194,244,35,35
195,245,6,6
195,246,6,6
195,247,6,6
195,248,35,35
195,249,6,6
195,250,6,6
195,251,6,6
195,252,6,6
195,253,6,6
195,254,24,24
195,255,24,24
195,256,35,35
195,257,6,6
195,258,6,6
195,259,24,24
195,260,35,35
196,261,31,31
196,262,31,31
196,263,31,31
196,264,35,35
196,265,31,31
196,266,31,31
196,267,31,31
196,268,31,31
196,269,31,31
196,270,33,33
196,271,24,24
196,272,35,35
196,273,31,31
196,274,31,31
196,275,31,31
196,276,31,31
197,9,31,31
197,0,31,31
197,11,31,31
197,13,31,31
197,15,31,31
197,16,31,31
197,18,31,31
197,20,31,31
197,22,31,31
197,23,31,31
197,25,31,31
197,26,31,31
197,28,31,31
197,30,31,31
197,32,31,31
197,34,31,31
197,36,31,31
198,37,10,10
198,38,10,10
198,39,10,10
198,40,10,10
198,41,10,10
198,42,10,10
198,43,10,10
198,44,10,10
198,45,10,10
198,46,10,10
198,47,10,10
198,48,10,10
198,49,10,10
198,50,10,10
198,51,10,10
198,52,10,10
199,53,12,12
199,54,12,12
199,55,12,12
199,56,12,12
199,57,12,12
199,58,12,12
199,59,12,12
199,60,12,12
199,61,12,12
199,62,12,12
199,63,12,12
199,64,12,12
199,65,12,12
199,66,12,12
199,67,12,12
199,68,12,12
200,69,14,14
200,70,14,14
200,71,14,14
200,72,14,14
200,73,14,14
200,74,14,14
200,75,14,14
200,76,14,14
200,77,14,14
200,78,14,14
200,79,14,14
200,80,14,14
200,81,14,14
200,82,14,14
200,83,14,14
200,84,14,14
201,85,17,17
201,86,17,17
201,87,17,17
201,88,17,17
201,89,17,17
201,90,17,17
201,91,17,17
201,92,17,17
201,93,7,7
201,94,17,17
201,95,17,17
201,96,17,17
201,97,17,17
201,98,17,17
201,99,17,17
201,100,17,17
202,101,14,14
202,102,14,14
202,103,14,14
202,104,14,14
202,105,14,14
202,106,14,14
202,107,14,14
202,108,14,14
202,109,14,14
202,110,14,14
202,111,14,14
202,112,14,14
202,113,14,14
202,114,14,14
202,115,14,14
202,116,14,14
203,117,31,31
203,118,31,31
203,119,31,31
203,120,31,31
203,121,31,31
203,122,31,31
203,123,31,31
203,124,31,31
203,125,31,31
203,126,31,31
203,127,31,31
203,128,31,31
203,129,31,31
203,130,31,31
203,131,31,31
203,132,31,31
204,133,31,31
204,134,31,31
204,135,31,31
204,136,31,31
204,137,31,31
204,138,31,31
204,139,31,31
204,140,31,31
204,141,31,31
204,142,31,31
204,143,31,31
204,144,31,31
204,145,31,31
204,146,31,31
204,147,31,31
204,148,31,31
205,149,8,8
205,150,8,8
205,151,8,8
205,152,8,8
205,153,8,8
205,154,8,8
205,155,8,8
205,156,8,8
205,157,8,8
205,158,8,8
205,159,8,8
205,160,8,8
205,161,8,8
205,162,8,8
205,163,8,8
205,164,8,8
206,165,31,31
206,166,31,31
206,167,31,31
206,168,31,31
206,169,31,31
206,170,31,31
206,171,31,31
206,172,31,31
206,173,31,31
206,174,31,31
206,175,31,31
206,176,31,31
206,177,31,31
206,178,31,31
206,179,31,31
206,180,31,31
207,181,31,31
207,182,31,31
207,183,31,31
207,184,31,31
207,185,31,31
207,186,31,31
207,187,31,31
207,188,31,31
207,189,31,31
207,190,31,31
207,191,31,31
207,192,31,31
207,193,31,31
207,194,31,31
207,195,31,31
207,196,31,31
208,197,5,5
208,198,5,5
208,199,5,5
208,200,5,5
208,201,5,5
208,202,5,5
208,203,5,5
208,204,5,5
208,205,5,5
208,206,5,5
208,207,5,5
208,208,5,5
208,209,5,5
208,210,5,5
208,211,5,5
208,212,5,5
209,213,27,27
209,214,27,27
209,215,27,27
209,216,27,27
209,217,27,27
209,218,27,27
209,219,27,27
209,220,27,27
209,221,27,27
209,222,27,27
209,223,27,27
209,224,27,27
209,225,27,27
209,226,27,27
209,227,27,27
209,228,27,27
210,229,31,31
210,230,31,31
210,231,31,31
210,232,31,31
210,233,31,31
210,234,31,31
210,235,31,31
210,236,31,31
210,237,31,31
210,238,31,31
210,239,31,31
210,240,31,31
210,241,31,31
210,242,31,31
210,243,31,31
210,244,31,31
211,245,31,31
211,246,31,31
211,247,31,31
211,248,31,31
211,249,31,31
211,250,31,31
211,251,31,31
211,252,31,31
211,253,31,31
211,254,31,31
211,255,31,31
211,256,31,31
211,257,31,31
211,258,31,31
211,259,31,31
211,260,31,31
212,261,31,31
212,262,31,31
212,263,31,31
212,264,31,31
212,265,31,31
212,266,31,31
212,267,31,31
212,268,31,31
212,269,31,31
212,270,31,31
212,271,31,31
212,272,31,31
212,273,31,31
212,274,31,31
212,275,31,31
212,276,31,31
213,9,6,6
213,0,6,6
213,11,6,6
213,13,6,6
213,15,6,6
213,16,6,6
213,18,6,6
213,20,6,6
213,22,6,6
213,23,6,6
213,25,24,24
213,26,24,24
213,28,6,6
213,30,6,6
213,32,6,6
213,34,24,24
213,36,35,35
214,37,10,10
214,38,10,10
214,39,10,10
214,40,10,10
214,41,10,10
214,42,10,10
214,43,10,10
214,44,10,10
214,45,10,10
214,46,10,10
214,47,10,10
214,48,10,10
214,49,10,10
214,50,10,10
214,51,10,10
214,52,10,10
215,53,12,12
215,54,12,12
215,55,12,12
215,56,12,12
215,57,12,12
215,58,12,12
215,59,12,12
215,60,12,12
215,61,12,12
215,62,12,12
215,63,12,12
215,64,12,12
215,65,12,12
215,66,12,12
215,67,12,12
215,68,12,12
216,69,14,14
216,70,14,14
216,71,14,14
216,72,14,14
216,73,14,14
216,74,14,14
216,75,14,14
216,76,14,14
216,77,14,14
216,78,14,14
216,79,14,14
216,80,14,14
216,81,14,14
216,82,14,14
216,83,14,14
216,84,14,14
217,85,17,17
217,86,17,17
217,87,17,17
217,88,17,17
217,89,17,17
217,90,17,17
217,91,17,17
217,92,17,17
217,93,7,7
217,94,17,17
217,95,17,17
217,96,17,17
217,97,17,17
217,98,17,17
217,99,17,17
217,100,17,17
218,101,14,14
218,102,14,14
218,103,14,14
218,104,14,14
218,105,14,14
218,106,14,14
218,107,14,14
218,108,14,14
218,109,14,14
218,110,14,14
218,111,14,14
218,112,14,14
218,113,14,14
218,114,14,14
218,115,14,14
218,116,14,14
219,117,19,19
219,118,19,19
219,119,19,19
219,120,19,19
219,121,19,19
219,122,19,19
219,123,19,19
219,124,19,19
219,125,19,19
219,126,5,5
219,127,24,24
219,128,19,19
219,129,19,19
219,130,19,19
219,131,5,5
219,132,5,5
220,133,6,6
220,134,6,6
220,135,6,6
220,136,6,6
220,137,6,6
220,138,6,6
220,139,6,6
220,140,6,6
220,141,6,6
220,142,24,24
220,143,24,24
220,144,6,6
220,145,6,6
220,146,6,6
220,147,24,24
220,148,35,35
221,149,8,8
221,150,8,8
221,151,8,8
221,152,8,8
221,153,8,8
221,154,8,8
221,155,8,8
221,156,8,8
221,157,8,8
221,158,8,8
221,159,8,8
221,160,8,8
221,161,8,8
221,162,8,8
221,163,8,8
221,164,8,8
222,165,6,6
222,166,6,6
222,167,6,6
222,168,6,6
222,169,6,6
222,170,6,6
222,171,6,6
222,172,6,6
222,173,6,6
222,174,24,24
222,175,24,24
222,176,6,6
222,177,6,6
222,178,6,6
222,179,24,24
222,180,35,35
223,181,19,19
223,182,19,19
223,183,19,19
223,184,19,19
223,185,19,19
223,186,19,19
223,187,19,19
223,188,19,19
223,189,19,19
223,190,5,5
223,191,24,24
223,192,19,19
223,193,19,19
223,194,19,19
223,195,5,5
223,196,5,5
224,197,5,5
224,198,5,5
224,199,5,5
224,200,5,5
224,201,5,5
224,202,5,5
224,203,5,5
224,204,5,5
224,205,5,5
224,206,5,5
224,207,5,5
224,208,5,5
224,209,5,5
224,210,5,5
224,211,5,5
224,212,5,5
225,213,27,27
225,214,27,27
225,215,27,27
225,216,27,27
225,217,27,27
225,218,27,27
225,219,27,27
225,220,27,27
225,221,27,27
225,222,27,27
225,223,27,27
225,224,27,27
225,225,27,27
225,226,27,27
225,227,27,27
225,228,27,27
226,229,6,6
226,230,6,6
226,231,6,6
226,232,6,6
226,233,6,6
226,234,6,6
226,235,6,6
226,236,6,6
226,237,6,6
226,238,24,24
226,239,24,24
226,240,6,6
226,241,6,6
226,242,6,6
226,243,24,24
226,244,35,35
227,245,6,6
227,246,6,6
227,247,6,6
227,248,6,6
227,249,6,6
227,250,6,6
227,251,6,6
227,252,6,6
227,253,6,6
227,254,24,24
227,255,24,24
227,256,6,6
227,257,6,6
227,258,6,6
227,259,24,24
227,260,35,35
228,261,6,6
228,262,6,6
228,263,6,6
228,264,6,6
228,265,6,6
228,266,6,6
228,267,6,6
228,268,6,6
228,269,6,6
228,270,24,24
228,271,24,24
228,272,6,6
228,273,6,6
228,274,6,6
228,275,24,24
228,276,35,35
229,9,31,31
229,0,31,31
229,11,35,35
229,13,35,35
229,15,35,35
229,16,31,31
229,18,35,35
229,20,35,35
229,22,31,31
229,23,35,35
229,25,33,33
229,26,35,35
229,28,35,35
229,30,31,31
229,32,31,31
229,34,31,31
229,36,33,33
230,37,10,10
230,38,10,10
230,39,10,10
230,40,10,10
230,41,10,10
230,42,10,10
230,43,10,10
230,44,10,10
230,45,10,10
230,46,10,10
230,47,10,10
230,48,10,10
230,49,10,10
230,50,10,10
230,51,10,10
230,52,10,10
231,53,12,12
231,54,12,12
231,55,12,12
231,56,12,12
231,57,12,12
231,58,12,12
231,59,12,12
231,60,12,12
231,61,12,12
231,62,12,12
231,63,12,12
231,64,12,12
231,65,12,12
231,66,12,12
231,67,12,12
231,68,12,12
232,69,14,14
232,70,14,14
232,71,14,14
232,72,14,14
232,73,14,14
232,74,14,14
232,75,14,14
232,76,14,14
232,77,14,14
232,78,14,14
232,79,14,14
232,80,14,14
232,81,14,14
232,82,29,29
232,83,14,14
232,84,14,14
233,85,17,17
233,86,17,17
233,87,17,17
233,88,17,17
233,89,17,17
233,90,17,17
233,91,17,17
233,92,17,17
233,93,7,7
233,94,17,17
233,95,17,17
233,96,17,17
233,97,17,17
233,98,17,17
233,99,17,17
233,100,17,17
234,101,14,14
234,102,14,14
234,103,14,14
234,104,14,14
234,105,14,14
234,106,14,14
234,107,14,14
234,108,14,14
234,109,14,14
234,110,14,14
234,111,14,14
234,112,14,14
234,113,14,14
234,114,14,14
234,115,14,14
234,116,14,14
235,117,19,19
235,118,35,35
235,119,35,35
235,120,35,35
235,121,19,19
235,122,35,35
235,123,35,35
235,124,19,19
235,125,19,19
235,126,5,5
235,127,35,35
235,128,35,35
235,129,19,19
235,130,19,19
235,131,5,5
235,132,5,5
236,133,8,8
236,134,8,8
236,135,8,8
236,136,8,8
236,137,8,8
236,138,8,8
236,139,8,8
236,140,8,8
236,141,8,8
236,142,8,8
236,143,8,8
236,144,8,8
236,145,8,8
236,146,8,8
236,147,8,8
236,148,8,8
237,149,8,8
237,150,8,8
237,151,8,8
237,152,8,8
237,153,8,8
237,154,8,8
237,155,8,8
237,156,31,31
237,157,8,8
237,158,8,8
237,159,8,8
237,160,8,8
237,161,8,8
237,162,8,8
237,163,8,8
237,164,8,8
238,165,31,31
238,166,35,35
238,167,35,35
238,168,35,35
238,169,31,31
238,170,35,35
238,171,35,35
238,172,31,31
238,173,31,31
238,174,33,33
238,175,35,35
238,176,35,35
238,177,31,31
238,178,31,31
238,179,31,31
238,180,33,33
239,181,19,19
239,182,35,35
239,183,35,35
239,184,35,35
239,185,19,19
239,186,35,35
239,187,35,35
239,188,19,19
239,189,19,19
239,190,5,5
239,191,35,35
239,192,35,35
239,193,19,19
239,194,19,19
239,195,5,5
239,196,5,5
240,197,5,5
240,198,5,5
240,199,5,5
240,200,5,5
240,201,5,5
240,202,5,5
240,203,5,5
240,204,5,5
240,205,5,5
240,206,5,5
240,207,5,5
240,208,5,5
240,209,5,5
240,210,5,5
240,211,5,5
240,212,5,5
241,213,27,27
241,214,27,27
241,215,27,27
241,216,27,27
241,217,27,27
241,218,27,27
241,219,27,27
241,220,27,27
241,221,27,27
241,222,27,27
241,223,27,27
241,224,27,27
241,225,27,27
241,226,27,27
241,227,27,27
241,228,27,27
242,229,31,31
242,230,35,35
242,231,35,35
242,232,35,35
242,233,31,31
242,234,35,35
242,235,35,35
242,236,31,31
242,237,31,31
242,238,33,33
242,239,35,35
242,240,35,35
242,241,31,31
242,242,31,31
242,243,31,31
242,244,33,33
243,245,31,31
243,246,35,35
243,247,35,35
243,248,35,35
243,249,31,31
243,250,35,35
243,251,35,35
243,252,31,31
243,253,31,31
243,254,33,33
243,255,35,35
243,256,35,35
243,257,31,31
243,258,31,31
243,259,31,31
243,260,33,33
244,261,31,31
244,262,35,35
244,263,35,35
244,264,35,35
244,265,31,31
244,266,35,35
244,267,35,35
244,268,31,31
244,269,31,31
244,270,33,33
244,271,35,35
244,272,35,35
244,273,31,31
244,274,31,31
244,275,31,31
244,276,33,33
245,9,31,31
245,0,31,31
245,11,31,31
245,13,31,31
245,15,31,31
245,16,31,31
245,18,31,31
245,20,35,35
245,22,31,31
245,23,31,31
245,25,33,33
245,26,35,35
245,28,31,31
245,30,31,31
245,32,31,31
245,34,31,31
245,36,33,33
246,37,10,10
246,38,10,10
246,39,10,10
246,40,10,10
246,41,10,10
246,42,10,10
246,43,10,10
246,44,10,10
246,45,10,10
246,46,10,10
246,47,10,10
246,48,10,10
246,49,10,10
246,50,10,10
246,51,10,10
246,52,10,10
247,53,12,12
247,54,12,12
247,55,12,12
247,56,12,12
247,57,12,12
247,58,12,12
247,59,12,12
247,60,12,12
247,61,12,12
247,62,12,12
247,63,12,12
247,64,12,12
247,65,12,12
247,66,12,12
247,67,12,12
247,68,12,12
248,69,14,14
248,70,14,14
248,71,14,14
248,72,14,14
248,73,14,14
248,74,14,14
248,75,14,14
248,76,14,14
248,77,14,14
248,78,14,14
248,79,14,14
248,80,14,14
248,81,14,14
248,82,14,14
248,83,14,14
248,84,14,14
249,85,17,17
249,86,17,17
249,87,17,17
249,88,17,17
249,89,17,17
249,90,17,17
249,91,17,17
249,92,17,17
249,93,7,7
249,94,17,17
249,95,17,17
249,96,17,17
249,97,17,17
249,98,17,17
249,99,17,17
249,100,17,17
250,101,14,14
250,102,14,14
250,103,14,14
250,104,14,14
250,105,14,14
250,106,14,14
250,107,14,14
250,108,14,14
250,109,14,14
250,110,14,14
250,111,14,14
250,112,14,14
250,113,14,14
250,114,14,14
250,115,14,14
250,116,14,14
251,117,19,19
251,118,19,19
251,119,19,19
251,120,19,19
251,121,19,19
251,122,19,19
251,123,35,35
251,124,19,19
251,125,19,19
251,126,5,5
251,127,35,35
251,128,19,19
251,129,19,19
251,130,19,19
251,131,5,5
251,132,5,5
252,133,31,31
252,134,31,31
252,135,31,31
252,136,31,31
252,137,31,31
252,138,31,31
252,139,35,35
252,140,31,31
252,141,31,31
252,142,33,33
252,143,35,35
252,144,31,31
252,145,31,31
252,146,31,31
252,147,31,31
252,148,33,33
253,149,8,8
253,150,8,8
253,151,8,8
253,152,8,8
253,153,8,8
253,154,8,8
253,155,8,8
253,156,8,8
253,157,8,8
253,158,8,8
253,159,8,8
253,160,8,8
253,161,8,8
253,162,8,8
253,163,8,8
253,164,8,8
254,165,31,31
254,166,31,31
254,167,31,31
254,168,31,31
254,169,31,31
254,170,31,31
254,171,35,35
254,172,31,31
254,173,31,31
254,174,33,33
254,175,35,35
254,176,31,31
254,177,31,31
254,178,31,31
254,179,31,31
254,180,33,33
255,181,19,19
255,182,19,19
255,183,19,19
255,184,19,19
255,185,19,19
255,186,19,19
255,187,35,35
255,188,19,19
255,189,19,19
255,190,5,5
255,191,35,35
255,192,19,19
255,193,19,19
255,194,19,19
255,195,5,5
255,196,5,5
256,197,5,5
256,198,5,5
256,199,5,5
256,200,5,5
256,201,5,5
256,202,5,5
256,203,5,5
256,204,5,5
256,205,5,5
256,206,5,5
256,207,5,5
256,208,5,5
256,209,5,5
256,210,5,5
256,211,5,5
256,212,5,5
257,213,27,27
257,214,27,27
257,215,27,27
257,216,27,27
257,217,27,27
257,218,27,27
257,219,27,27
257,220,27,27
257,221,27,27
257,222,27,27
257,223,27,27
257,224,27,27
257,225,27,27
257,226,27,27
257,227,27,27
257,228,27,27
258,229,31,31
258,230,31,31
258,231,31,31
258,232,31,31
258,233,31,31
258,234,31,31
258,235,35,35
258,236,31,31
258,237,31,31
258,238,33,33
258,239,35,35
258,240,31,31
258,241,31,31
258,242,31,31
258,243,31,31
258,244,33,33
259,245,31,31
259,246,31,31
259,247,31,31
259,248,31,31
259,249,31,31
259,250,31,31
259,251,35,35
259,252,31,31
259,253,31,31
259,254,33,33
259,255,35,35
259,256,31,31
259,257,31,31
259,258,31,31
259,259,31,31
259,260,33,33
260,261,31,31
260,262,31,31
260,263,31,31
260,264,31,31
260,265,31,31
260,266,31,31
260,267,35,35
260,268,31,31
260,269,31,31
260,270,33,33
260,271,35,35
260,272,31,31
260,273,31,31
260,274,31,31
260,275,31,31
260,276,33,33
261,9,6,6
261,0,6,6
261,11,6,6
261,13,6,6
261,15,6,6
261,16,6,6
261,18,6,6
261,20,6,6
261,22,6,6
261,23,6,6
261,25,24,24
261,26,24,24
261,28,6,6
261,30,6,6
261,32,6,6
261,34,24,24
261,36,35,35
262,37,12,12
262,38,12,12
262,39,12,12
262,40,12,12
262,41,12,12
262,42,12,12
262,43,12,12
262,44,12,12
262,45,12,12
262,46,12,12
262,47,12,12
262,48,12,12
262,49,12,12
262,50,12,12
262,51,12,12
262,52,12,12
263,53,7,7
263,54,7,7
263,55,7,7
263,56,7,7
263,57,7,7
263,58,7,7
263,59,7,7
263,60,7,7
263,61,7,7
263,62,7,7
263,63,7,7
263,64,7,7
263,65,7,7
263,66,7,7
263,67,7,7
263,68,7,7
264,69,29,29
264,70,29,29
264,71,29,29
264,72,29,29
264,73,29,29
264,74,29,29
264,75,29,29
264,76,29,29
264,77,29,29
264,78,29,29
264,79,29,29
264,80,29,29
264,81,29,29
264,82,29,29
264,83,29,29
264,84,29,29
265,85,17,17
265,86,17,17
265,87,17,17
265,88,17,17
265,89,17,17
265,90,17,17
265,91,17,17
265,92,17,17
265,93,7,7
265,94,17,17
265,95,17,17
265,96,17,17
265,97,17,17
265,98,17,17
265,99,17,17
265,100,17,17
266,101,14,14
266,102,14,14
266,103,14,14
266,104,14,14
266,105,14,14
266,106,14,14
266,107,14,14
266,108,14,14
266,109,14,14
266,110,14,14
266,111,14,14
266,112,14,14
266,113,14,14
266,114,14,14
266,115,14,14
266,116,14,14
267,117,19,19
267,118,19,19
267,119,19,19
267,120,19,19
267,121,19,19
267,122,19,19
267,123,19,19
267,124,19,19
267,125,19,19
267,126,5,5
267,127,24,24
267,128,19,19
267,129,19,19
267,130,19,19
267,131,5,5
267,132,5,5
268,133,6,6
268,134,6,6
268,135,6,6
268,136,6,6
268,137,6,6
268,138,6,6
268,139,6,6
268,140,6,6
268,141,6,6
268,142,24,24
268,143,24,24
268,144,6,6
268,145,6,6
268,146,6,6
268,147,24,24
268,148,35,35
269,149,10,10
269,150,10,10
269,151,10,10
269,152,10,10
269,153,10,10
269,154,10,10
269,155,10,10
269,156,10,10
269,157,10,10
269,158,10,10
269,159,10,10
269,160,10,10
269,161,10,10
269,162,10,10
269,163,10,10
269,164,10,10
270,165,6,6
270,166,6,6
270,167,6,6
270,168,6,6
270,169,6,6
270,170,6,6
270,171,6,6
270,172,6,6
270,173,6,6
270,174,24,24
270,175,24,24
270,176,6,6
270,177,6,6
270,178,6,6
270,179,24,24
270,180,35,35
271,181,19,19
271,182,19,19
271,183,19,19
271,184,19,19
271,185,19,19
271,186,19,19
271,187,19,19
271,188,19,19
271,189,19,19
271,190,5,5
271,191,24,24
271,192,19,19
271,193,19,19
271,194,19,19
271,195,5,5
271,196,5,5
272,197,5,5
272,198,5,5
272,199,5,5
272,200,5,5
272,201,5,5
272,202,5,5
272,203,5,5
272,204,5,5
272,205,5,5
272,206,5,5
272,207,5,5
272,208,5,5
272,209,5,5
272,210,5,5
272,211,5,5
272,212,5,5
273,213,27,27
273,214,27,27
273,215,27,27
273,216,27,27
273,217,27,27
273,218,27,27
273,219,27,27
273,220,27,27
273,221,27,27
273,222,27,27
273,223,27,27
273,224,27,27
273,225,27,27
273,226,27,27
273,227,27,27
273,228,27,27
274,229,6,6
274,230,6,6
274,231,6,6
274,232,6,6
274,233,6,6
274,234,6,6
274,235,6,6
274,236,6,6
274,237,6,6
274,238,24,24
274,239,24,24
274,240,6,6
274,241,6,6
274,242,6,6
274,243,24,24
274,244,35,35
275,245,6,6
275,246,6,6
275,247,6,6
275,248,6,6
275,249,6,6
275,250,6,6
275,251,6,6
275,252,6,6
275,253,6,6
275,254,24,24
275,255,24,24
275,256,6,6
275,257,6,6
275,258,6,6
275,259,24,24
275,260,35,35
276,261,6,6
276,262,6,6
276,263,6,6
276,264,6,6
276,265,6,6
276,266,6,6
276,267,6,6
276,268,6,6
276,269,6,6
276,270,24,24
276,271,24,24
276,272,6,6
276,273,6,6
276,274,6,6
276,275,24,24
276,276,35,35
